date,day,aircraft,helicopter,tank,APC,field artillery,MRL,military auto,fuel tank,drone,naval ship,anti-aircraft warfare,special equipment,mobile SRBM system,greatest losses direction,vehicles and fuel tanks,cruise missiles,Total Air Units,Total Naval Units,Total Ground Units
25/02/2022,2,10,7,80,516,49,4,100.0,60.0,0,2,0,0.0,0.0,,0.0,0.0,17.0,2,649.0
26/02/2022,3,27,26,146,706,49,4,130.0,60.0,2,2,0,0.0,0.0,,0.0,0.0,55.0,2,905.0
27/02/2022,4,27,26,150,706,50,4,130.0,60.0,2,2,0,0.0,0.0,,0.0,0.0,55.0,2,910.0
28/02/2022,5,29,29,150,816,74,21,291.0,60.0,3,2,5,0.0,0.0,,0.0,0.0,61.0,2,1066.0
01/03/2022,6,29,29,198,846,77,24,305.0,60.0,3,2,7,0.0,0.0,,0.0,0.0,61.0,2,1152.0
02/03/2022,7,30,31,211,862,85,40,355.0,60.0,3,2,9,0.0,0.0,,0.0,0.0,64.0,2,1207.0
03/03/2022,8,30,31,217,900,90,42,374.0,60.0,3,2,11,0.0,0.0,,0.0,0.0,64.0,2,1260.0
04/03/2022,9,33,37,251,939,105,50,404.0,60.0,3,2,18,0.0,0.0,,0.0,0.0,73.0,2,1363.0
05/03/2022,10,39,40,269,945,105,50,409.0,60.0,3,2,19,0.0,0.0,,0.0,0.0,82.0,2,1388.0
06/03/2022,11,44,48,285,985,109,50,447.0,60.0,4,2,21,0.0,0.0,,0.0,0.0,96.0,2,1450.0
07/03/2022,12,46,68,290,999,117,50,454.0,60.0,7,3,23,0.0,0.0,,0.0,0.0,121.0,3,1479.0
08/03/2022,13,48,80,303,1036,120,56,474.0,60.0,7,3,27,0.0,0.0,,0.0,0.0,135.0,3,1542.0
09/03/2022,14,49,81,317,1070,120,56,482.0,60.0,7,3,28,0.0,0.0,,0.0,0.0,137.0,3,1591.0
10/03/2022,15,49,81,335,1105,123,56,526.0,60.0,7,3,29,0.0,0.0,,0.0,0.0,137.0,3,1648.0
11/03/2022,16,57,83,353,1165,125,58,558.0,60.0,7,3,31,0.0,0.0,,0.0,0.0,147.0,3,1732.0
12/03/2022,17,58,83,362,1205,135,62,585.0,60.0,7,3,33,0.0,0.0,,0.0,0.0,148.0,3,1797.0
13/03/2022,18,74,86,374,1226,140,62,600.0,60.0,7,3,34,0.0,0.0,,0.0,0.0,167.0,3,1836.0
14/03/2022,19,77,90,389,1249,150,64,617.0,60.0,8,3,34,0.0,0.0,,0.0,0.0,175.0,3,1886.0
15/03/2022,20,81,95,404,1279,150,64,640.0,60.0,9,3,36,0.0,0.0,,0.0,0.0,185.0,3,1933.0
16/03/2022,21,84,108,430,1375,190,70,819.0,60.0,11,3,43,10.0,0.0,,0.0,0.0,203.0,3,2118.0
17/03/2022,22,86,108,444,1435,201,72,864.0,60.0,11,3,43,10.0,0.0,,0.0,0.0,205.0,3,2205.0
18/03/2022,23,93,112,450,1448,205,72,879.0,60.0,12,3,43,11.0,0.0,,0.0,0.0,217.0,3,2229.0
19/03/2022,24,95,115,466,1470,213,72,914.0,60.0,17,3,44,11.0,0.0,,0.0,0.0,227.0,3,2276.0
20/03/2022,25,96,118,476,1487,230,74,947.0,60.0,21,3,44,12.0,0.0,,0.0,0.0,235.0,3,2323.0
21/03/2022,26,97,121,498,1535,240,80,969.0,60.0,24,3,45,13.0,0.0,,0.0,0.0,242.0,3,2411.0
22/03/2022,27,99,123,509,1556,252,80,1000.0,70.0,35,3,45,15.0,0.0,,0.0,0.0,257.0,3,2457.0
23/03/2022,28,101,124,517,1578,267,80,1008.0,70.0,42,4,47,15.0,0.0,,0.0,0.0,267.0,4,2504.0
24/03/2022,29,108,124,530,1597,280,82,1033.0,72.0,50,4,47,16.0,0.0,,0.0,0.0,282.0,4,2552.0
25/03/2022,30,115,125,561,1625,291,90,1089.0,72.0,53,5,49,18.0,0.0,,0.0,0.0,293.0,5,2634.0
26/03/2022,31,117,127,575,1640,293,91,1131.0,73.0,56,7,51,19.0,2.0,,0.0,0.0,300.0,7,2669.0
27/03/2022,32,121,127,582,1664,294,93,1144.0,73.0,56,7,52,21.0,4.0,,0.0,0.0,304.0,7,2706.0
28/03/2022,33,123,127,586,1694,302,95,1150.0,73.0,66,7,54,21.0,4.0,,0.0,0.0,316.0,7,2752.0
29/03/2022,34,127,129,597,1710,303,96,1178.0,73.0,71,7,54,21.0,4.0,,0.0,0.0,327.0,7,2781.0
30/03/2022,35,131,131,605,1723,305,96,1184.0,75.0,81,7,54,21.0,4.0,,0.0,0.0,343.0,7,2804.0
31/03/2022,36,135,131,614,1735,311,96,1201.0,75.0,83,7,54,22.0,4.0,,0.0,0.0,349.0,7,2832.0
01/04/2022,37,143,131,625,1751,316,96,1220.0,76.0,85,7,54,24.0,4.0,,0.0,0.0,359.0,7,2866.0
02/04/2022,38,143,134,631,1776,317,100,1236.0,76.0,87,7,54,24.0,4.0,,0.0,0.0,364.0,7,2902.0
03/04/2022,39,143,134,644,1830,325,105,1249.0,76.0,89,7,54,24.0,4.0,,0.0,0.0,366.0,7,2982.0
04/04/2022,40,147,134,647,1844,330,107,1273.0,76.0,91,7,54,25.0,4.0,,0.0,0.0,372.0,7,3007.0
05/04/2022,41,150,134,676,1858,332,107,1322.0,76.0,94,7,55,25.0,4.0,,0.0,0.0,378.0,7,3053.0
06/04/2022,42,150,135,684,1861,332,107,1324.0,76.0,96,7,55,25.0,4.0,,0.0,0.0,381.0,7,3064.0
07/04/2022,43,150,135,698,1891,332,108,1358.0,76.0,111,7,55,25.0,4.0,,0.0,0.0,396.0,7,3109.0
08/04/2022,44,150,135,700,1891,333,108,1361.0,76.0,112,7,55,25.0,4.0,,0.0,0.0,397.0,7,3112.0
09/04/2022,45,151,136,705,1895,335,108,1363.0,76.0,112,7,55,25.0,4.0,,0.0,0.0,399.0,7,3123.0
10/04/2022,46,152,137,722,1911,342,108,1384.0,76.0,112,7,55,25.0,4.0,,0.0,0.0,401.0,7,3163.0
11/04/2022,47,154,137,725,1923,347,111,1387.0,76.0,119,7,55,25.0,4.0,,0.0,0.0,410.0,7,3186.0
12/04/2022,48,157,140,732,1946,349,111,1406.0,76.0,124,7,63,25.0,4.0,,0.0,0.0,421.0,7,3226.0
13/04/2022,49,158,143,739,1964,358,115,1429.0,76.0,132,7,64,25.0,4.0,,0.0,0.0,433.0,7,3265.0
14/04/2022,50,160,144,753,1968,366,122,1437.0,76.0,134,7,64,25.0,4.0,,0.0,0.0,438.0,7,3298.0
15/04/2022,51,163,144,756,1976,366,122,1443.0,76.0,135,8,66,25.0,4.0,,0.0,0.0,442.0,8,3311.0
16/04/2022,52,163,145,762,1982,371,125,1458.0,76.0,138,8,66,26.0,4.0,,0.0,0.0,446.0,8,3332.0
17/04/2022,53,165,146,773,2002,376,127,1471.0,76.0,148,8,66,27.0,4.0,,0.0,0.0,459.0,8,3371.0
18/04/2022,54,167,147,790,2041,381,130,1487.0,76.0,155,8,67,27.0,4.0,,0.0,0.0,469.0,8,3436.0
19/04/2022,55,169,150,802,2063,386,132,1495.0,76.0,158,8,67,27.0,4.0,,0.0,0.0,477.0,8,3477.0
20/04/2022,56,171,150,815,2087,391,136,1504.0,76.0,165,8,67,27.0,4.0,,0.0,0.0,486.0,8,3523.0
21/04/2022,57,172,151,829,2118,393,136,1508.0,76.0,166,8,67,27.0,4.0,,0.0,0.0,489.0,8,3570.0
22/04/2022,58,176,153,838,2162,397,138,1523.0,76.0,172,8,69,27.0,4.0,,0.0,0.0,501.0,8,3631.0
23/04/2022,59,177,154,854,2205,403,143,1543.0,76.0,182,8,69,27.0,4.0,,0.0,0.0,513.0,8,3701.0
24/04/2022,60,179,154,873,2238,408,147,1557.0,76.0,191,8,69,28.0,4.0,,0.0,0.0,524.0,8,3763.0
25/04/2022,61,181,154,884,2258,411,149,1566.0,76.0,201,8,69,28.0,4.0,Sievierodonetsk,0.0,0.0,536.0,8,3799.0
26/04/2022,62,184,154,918,2308,416,149,1643.0,76.0,205,8,69,31.0,4.0,Sievierodonetsk,0.0,0.0,543.0,8,3891.0
27/04/2022,63,185,155,939,2342,421,149,1666.0,76.0,207,8,71,31.0,4.0,Kurakhove and Izyum,0.0,0.0,547.0,8,3953.0
28/04/2022,64,187,155,970,2389,431,151,1688.0,76.0,215,8,72,31.0,4.0,Zaporizhzhia and Izyum,0.0,0.0,557.0,8,4044.0
29/04/2022,65,189,155,986,2418,435,151,1695.0,76.0,229,8,73,31.0,4.0,Izyum,0.0,0.0,573.0,8,4094.0
30/04/2022,66,190,155,1008,2445,436,151,1701.0,76.0,232,8,77,32.0,4.0,Izyum,0.0,0.0,577.0,8,4149.0
01/05/2022,67,192,155,1026,2471,451,151,0.0,0.0,245,8,80,32.0,0.0,Izyum,1796.0,84.0,676.0,8,6007.0
02/05/2022,68,194,155,1048,2519,459,152,0.0,0.0,271,8,80,38.0,0.0,Izyum,1824.0,84.0,704.0,8,6120.0
03/05/2022,69,194,155,1062,2567,475,162,0.0,0.0,291,10,80,38.0,0.0,Izyum,1843.0,84.0,724.0,10,6227.0
04/05/2022,70,194,155,1077,2610,491,163,0.0,0.0,303,10,81,38.0,0.0,"Izyum, Novopavlivsk",1867.0,87.0,739.0,10,6327.0
05/05/2022,71,196,155,1092,2651,499,169,0.0,0.0,312,10,83,38.0,0.0,Popasna,1907.0,89.0,752.0,10,6439.0
06/05/2022,72,199,155,1110,2686,502,171,0.0,0.0,324,11,83,38.0,0.0,Lyman and Kurakhove,1926.0,90.0,768.0,11,6516.0
07/05/2022,73,199,155,1122,2713,509,172,0.0,0.0,341,11,84,38.0,0.0,Slobozhanskyi,1934.0,90.0,785.0,11,6572.0
08/05/2022,74,199,156,1130,2741,509,179,0.0,0.0,360,12,86,39.0,0.0,Novopavlivsk,1961.0,92.0,807.0,12,6645.0
09/05/2022,75,199,158,1145,2764,513,185,0.0,0.0,377,12,87,41.0,0.0,Avdiivka,1970.0,94.0,828.0,12,6705.0
10/05/2022,76,199,158,1170,2808,519,185,0.0,0.0,380,12,87,41.0,0.0,Avdiivka,1980.0,94.0,831.0,12,6790.0
11/05/2022,77,199,160,1187,2856,528,185,0.0,0.0,390,12,87,41.0,0.0,"Novopavlivsk, Kurakhove and Sievierodonetsk",1997.0,94.0,843.0,12,6881.0
12/05/2022,78,199,161,1195,2873,534,191,0.0,0.0,398,13,87,41.0,0.0,Kurakhove,2019.0,94.0,852.0,13,6940.0
13/05/2022,79,200,162,1205,2900,542,193,0.0,0.0,405,13,88,41.0,0.0,Kurakhove,2042.0,95.0,862.0,13,7011.0
14/05/2022,80,200,163,1218,2934,551,195,0.0,0.0,411,13,88,42.0,0.0,Kurakhove,2059.0,95.0,869.0,13,7087.0
15/05/2022,81,200,164,1220,2958,555,195,0.0,0.0,416,13,89,42.0,0.0,Kurakhove and Avdiivka,2087.0,95.0,875.0,13,7146.0
16/05/2022,82,200,165,1228,2974,577,195,0.0,0.0,427,13,89,42.0,0.0,Bakhmut and Zaporizhzhia,2101.0,97.0,889.0,13,7206.0
17/05/2022,83,201,167,1235,3009,578,198,0.0,0.0,436,13,90,43.0,0.0,Lyman and Zaporizhzhia,2109.0,97.0,901.0,13,7262.0
18/05/2022,84,202,167,1251,3043,586,199,0.0,0.0,441,13,91,43.0,0.0,"Sloviansk, Kryvyi Rih and Zaporizhzhia",2137.0,102.0,912.0,13,7350.0
19/05/2022,85,203,167,1254,3063,595,199,0.0,0.0,455,13,93,43.0,0.0,"Sloviansk, Kryvyi Rih and Zaporizhzhia",2157.0,103.0,928.0,13,7404.0
20/05/2022,86,204,168,1263,3090,596,200,0.0,0.0,460,13,93,43.0,0.0,Bakhmut,2162.0,103.0,935.0,13,7447.0
21/05/2022,87,204,169,1278,3116,596,201,0.0,0.0,462,13,93,43.0,0.0,Bakhmut,2178.0,104.0,939.0,13,7505.0
22/05/2022,88,204,170,1285,3141,599,201,0.0,0.0,470,13,93,43.0,0.0,Bakhmut,2194.0,107.0,951.0,13,7556.0
23/05/2022,89,204,170,1293,3166,604,201,0.0,0.0,476,13,93,43.0,0.0,Bakhmut,2206.0,110.0,960.0,13,7606.0
24/05/2022,90,205,170,1302,3194,606,201,0.0,0.0,480,13,93,43.0,0.0,Sievierodonetsk,2213.0,112.0,967.0,13,7652.0
25/05/2022,91,206,170,1305,3213,606,201,0.0,0.0,491,13,93,44.0,0.0,Lyman,2217.0,112.0,979.0,13,7679.0
26/05/2022,92,206,170,1315,3235,617,201,0.0,0.0,502,13,93,47.0,0.0,Avdiivka,2225.0,114.0,992.0,13,7733.0
27/05/2022,93,206,170,1322,3246,623,201,0.0,0.0,503,13,93,48.0,0.0,Avdiivka,2226.0,115.0,994.0,13,7759.0
28/05/2022,94,207,174,1330,3258,628,203,0.0,0.0,503,13,93,48.0,0.0,Avdiivka and Kryvyi Rih,2226.0,116.0,1000.0,13,7786.0
29/05/2022,95,207,174,1338,3270,631,203,0.0,0.0,504,13,93,48.0,0.0,Bakhmut,2240.0,116.0,1001.0,13,7823.0
30/05/2022,96,207,174,1349,3282,643,205,0.0,0.0,507,13,93,48.0,0.0,Zaporizhzhia,2258.0,118.0,1006.0,13,7878.0
31/05/2022,97,208,174,1358,3302,649,207,0.0,0.0,515,13,93,48.0,0.0,Kryvyi Rih and Zaporizhzhia,2275.0,120.0,1017.0,13,7932.0
01/06/2022,98,208,175,1361,3343,659,207,0.0,0.0,519,13,94,49.0,0.0,Kryvyi Rih and Bakhmut,2290.0,120.0,1022.0,13,8003.0
02/06/2022,99,210,175,1363,3354,661,207,0.0,0.0,521,13,95,51.0,0.0,Bakhmut,2325.0,120.0,1026.0,13,8056.0
03/06/2022,100,210,175,1367,3366,675,207,0.0,0.0,535,13,95,51.0,0.0,Bakhmut,2329.0,121.0,1041.0,13,8090.0
04/06/2022,101,210,175,1376,3379,680,207,0.0,0.0,540,13,95,52.0,0.0,Zaporizhzhia,2337.0,122.0,1047.0,13,8126.0
05/06/2022,102,210,175,1381,3392,686,207,0.0,0.0,548,13,95,53.0,0.0,Bakhmut,2360.0,122.0,1055.0,13,8174.0
06/06/2022,103,211,176,1386,3400,690,207,0.0,0.0,551,13,96,53.0,0.0,Sloviansk,2395.0,125.0,1063.0,13,8227.0
07/06/2022,104,212,177,1390,3416,694,207,0.0,0.0,553,13,96,53.0,0.0,Sloviansk,2405.0,125.0,1067.0,13,8261.0
08/06/2022,105,212,178,1393,3429,703,213,0.0,0.0,559,13,96,53.0,0.0,Sloviansk,2406.0,125.0,1074.0,13,8293.0
09/06/2022,106,212,178,1398,3438,711,213,0.0,0.0,562,13,96,53.0,0.0,Bakhmut,2421.0,125.0,1077.0,13,8330.0
10/06/2022,107,212,178,1409,3450,712,222,0.0,0.0,572,13,97,54.0,0.0,Kharkiv and Bakhmut,2438.0,125.0,1087.0,13,8382.0
11/06/2022,108,212,178,1419,3466,712,222,0.0,0.0,579,13,97,54.0,0.0,Sievierodonetsk and Bakhmut,2448.0,125.0,1094.0,13,8418.0
12/06/2022,109,212,178,1430,3484,715,226,0.0,0.0,582,13,97,54.0,0.0,Sievierodonetsk and Bakhmut,2455.0,125.0,1097.0,13,8461.0
13/06/2022,110,213,178,1432,3492,718,226,0.0,0.0,585,13,97,54.0,0.0,Bakhmut,2460.0,125.0,1101.0,13,8479.0
14/06/2022,111,213,179,1434,3503,721,229,0.0,0.0,588,13,97,54.0,0.0,Bakhmut,2473.0,125.0,1105.0,13,8511.0
15/06/2022,112,213,179,1440,3528,722,230,0.0,0.0,591,13,97,55.0,0.0,Bakhmut and Sievierodonetsk,2485.0,129.0,1112.0,13,8557.0
16/06/2022,113,213,179,1449,3545,729,233,0.0,0.0,591,13,97,55.0,0.0,Bakhmut,2494.0,129.0,1112.0,13,8602.0
17/06/2022,114,215,180,1456,3563,734,233,0.0,0.0,593,13,97,55.0,0.0,Bakhmut,2496.0,129.0,1117.0,13,8634.0
18/06/2022,115,216,180,1465,3573,739,233,0.0,0.0,594,14,98,55.0,0.0,"Sloviansk, Bakhmut and Kryvyi Rih",2513.0,129.0,1119.0,14,8676.0
19/06/2022,116,216,181,1468,3577,745,235,0.0,0.0,598,14,98,55.0,0.0,Bakhmut and Zaporizhzhia,2523.0,130.0,1125.0,14,8701.0
20/06/2022,117,216,181,1477,3588,749,238,0.0,0.0,601,14,98,55.0,0.0,Bakhmut and Zaporizhzhia,2527.0,130.0,1128.0,14,8732.0
21/06/2022,118,216,181,1496,3606,752,239,0.0,0.0,611,14,98,59.0,0.0,Bakhmut and Avdiivka,2537.0,137.0,1145.0,14,8787.0
22/06/2022,119,216,182,1496,3614,752,239,0.0,0.0,614,14,99,60.0,0.0,"Sloviansk, Bakhmut and Avdiivka",2543.0,137.0,1149.0,14,8803.0
23/06/2022,120,216,183,1504,3632,756,240,0.0,0.0,620,14,99,60.0,0.0,Bakhmut,2548.0,137.0,1156.0,14,8839.0
24/06/2022,121,216,183,1507,3637,759,241,0.0,0.0,622,14,99,60.0,0.0,Sloviansk and Bakhmut,2553.0,137.0,1158.0,14,8856.0
25/06/2022,122,217,184,1511,3645,764,241,0.0,0.0,626,14,99,60.0,0.0,Bakhmut and Kurakhove,2560.0,137.0,1164.0,14,8880.0
26/06/2022,123,217,184,1532,3659,764,243,0.0,0.0,630,14,99,60.0,0.0,Bakhmut and Kurakhove,2564.0,139.0,1170.0,14,8921.0
27/06/2022,124,217,184,1552,3687,771,243,0.0,0.0,636,14,101,60.0,0.0,Bakhmut and Kurakhove,2575.0,139.0,1176.0,14,8989.0
28/06/2022,125,217,185,1567,3704,778,243,0.0,0.0,636,14,102,61.0,0.0,Bakhmut,2589.0,139.0,1177.0,14,9044.0
29/06/2022,126,217,185,1572,3720,781,246,0.0,0.0,640,14,103,61.0,0.0,Bakhmut,2598.0,142.0,1184.0,14,9081.0
30/06/2022,127,217,185,1573,3726,790,246,0.0,0.0,641,14,104,61.0,0.0,Bakhmut,2602.0,143.0,1186.0,14,9102.0
01/07/2022,128,217,186,1577,3736,796,246,0.0,0.0,645,15,105,61.0,0.0,Bakhmut,2610.0,143.0,1191.0,15,9131.0
02/07/2022,129,217,186,1582,3737,800,246,0.0,0.0,653,15,105,61.0,0.0,Bakhmut,2614.0,144.0,1200.0,15,9145.0
03/07/2022,130,217,187,1584,3744,801,246,0.0,0.0,654,15,105,64.0,0.0,Kramatorsk and Bakhmut,2618.0,144.0,1202.0,15,9162.0
04/07/2022,131,217,187,1589,3744,804,246,0.0,0.0,658,15,105,65.0,0.0,Sloviansk and Donetsk,2629.0,144.0,1206.0,15,9182.0
05/07/2022,132,217,187,1594,3772,806,247,0.0,0.0,660,15,105,65.0,0.0,Sloviansk and Donetsk,2634.0,144.0,1208.0,15,9223.0
06/07/2022,133,217,187,1600,3789,806,247,0.0,0.0,664,15,107,65.0,0.0,Sloviansk and Donetsk,2648.0,153.0,1221.0,15,9262.0
07/07/2022,134,217,187,1602,3797,815,247,0.0,0.0,667,15,107,66.0,0.0,Avdiivka and Bakhmut,2665.0,155.0,1226.0,15,9299.0
08/07/2022,135,217,187,1637,3811,828,247,0.0,0.0,669,15,107,66.0,0.0,Kramatorsk,2685.0,155.0,1228.0,15,9381.0
09/07/2022,136,217,187,1638,3815,832,247,0.0,0.0,674,15,108,66.0,0.0,Kramatorsk,2687.0,155.0,1233.0,15,9393.0
10/07/2022,137,217,188,1641,3823,834,247,0.0,0.0,676,15,108,66.0,0.0,Kramatorsk,2694.0,155.0,1236.0,15,9413.0
11/07/2022,138,217,188,1645,3828,838,247,0.0,0.0,676,15,109,66.0,0.0,Avdiivka,2696.0,155.0,1236.0,15,9429.0
12/07/2022,139,217,188,1649,3829,838,247,0.0,0.0,676,15,109,66.0,0.0,Mykolaiv,2699.0,155.0,1236.0,15,9437.0
13/07/2022,140,217,188,1649,3832,839,247,0.0,0.0,678,15,109,67.0,0.0,Mykolaiv,2704.0,155.0,1238.0,15,9447.0
14/07/2022,141,219,188,1667,3832,840,247,0.0,0.0,681,15,109,67.0,0.0,Kramatorsk,2720.0,155.0,1243.0,15,9482.0
15/07/2022,142,220,188,1672,3866,842,247,0.0,0.0,681,15,109,67.0,0.0,Kramatorsk,2731.0,155.0,1244.0,15,9534.0
16/07/2022,143,220,188,1677,3874,846,247,0.0,0.0,687,15,109,68.0,0.0,Bakhmut,2735.0,162.0,1257.0,15,9556.0
17/07/2022,144,220,188,1684,3879,846,248,0.0,0.0,688,15,110,68.0,0.0,Bakhmut,2746.0,166.0,1262.0,15,9581.0
18/07/2022,145,220,188,1687,3886,849,248,0.0,0.0,690,15,113,70.0,0.0,Bakhmut,2753.0,166.0,1264.0,15,9606.0
19/07/2022,146,220,188,1691,3892,851,248,0.0,0.0,693,15,113,70.0,0.0,Kramatorsk,2767.0,167.0,1268.0,15,9632.0
20/07/2022,147,221,188,1700,3905,856,250,0.0,0.0,703,15,113,70.0,0.0,Bakhmut,2775.0,167.0,1279.0,15,9669.0
21/07/2022,148,221,188,1704,3912,859,251,0.0,0.0,710,15,113,72.0,0.0,Sloviansk,2781.0,167.0,1286.0,15,9692.0
22/07/2022,149,221,188,1704,3920,863,251,0.0,0.0,713,15,113,72.0,0.0,Kryvyi Rih and Bakhmut,2803.0,167.0,1289.0,15,9726.0
23/07/2022,150,221,188,1708,3929,864,253,0.0,0.0,714,15,113,72.0,0.0,"Kramatorsk, Kryvyi Rih and Bakhmut",2820.0,167.0,1290.0,15,9759.0
24/07/2022,151,221,188,1722,3942,869,255,0.0,0.0,714,15,113,73.0,0.0,Kramatorsk,2823.0,170.0,1293.0,15,9797.0
25/07/2022,152,222,188,1730,3950,876,257,0.0,0.0,719,15,116,73.0,0.0,Kramatorsk,2832.0,174.0,1303.0,15,9834.0
26/07/2022,153,222,189,1737,3959,880,258,0.0,0.0,722,15,117,75.0,0.0,Bakhmut,2835.0,174.0,1307.0,15,9861.0
27/07/2022,154,222,190,1738,3971,883,258,0.0,0.0,726,15,117,75.0,0.0,Kryvyi Rih,2847.0,174.0,1312.0,15,9889.0
28/07/2022,155,222,190,1742,3979,894,258,0.0,0.0,729,15,117,75.0,0.0,Kryvyi Rih,2854.0,174.0,1315.0,15,9919.0
29/07/2022,156,222,190,1749,3987,900,258,0.0,0.0,731,15,117,77.0,0.0,Kryvyi Rih,2870.0,174.0,1317.0,15,9958.0
30/07/2022,157,222,190,1759,3995,906,258,0.0,0.0,733,15,117,78.0,0.0,Donetsk,2889.0,174.0,1319.0,15,10002.0
31/07/2022,158,223,190,1763,4004,916,259,0.0,0.0,735,15,117,80.0,0.0,Donetsk,2902.0,174.0,1322.0,15,10041.0
01/08/2022,159,223,190,1768,4011,932,259,0.0,0.0,736,15,117,82.0,0.0,Donetsk and Kryvyi Rih,2912.0,174.0,1323.0,15,10081.0
02/08/2022,160,223,191,1768,4014,936,259,0.0,0.0,739,15,117,82.0,0.0,Bakhmut and Kryvyi Rih,2914.0,174.0,1327.0,15,10090.0
03/08/2022,161,223,191,1774,4022,939,259,0.0,0.0,740,15,118,83.0,0.0,Bakhmut and Donetsk,2922.0,180.0,1334.0,15,10117.0
04/08/2022,162,223,191,1789,4026,946,260,0.0,0.0,742,15,118,83.0,0.0,Bakhmut and Donetsk,2960.0,182.0,1338.0,15,10182.0
05/08/2022,163,223,191,1792,4032,950,260,0.0,0.0,742,15,123,83.0,0.0,Donetsk,2964.0,182.0,1338.0,15,10204.0
06/08/2022,164,223,191,1802,4051,955,260,0.0,0.0,744,15,127,85.0,0.0,Donetsk,2970.0,182.0,1340.0,15,10250.0
07/08/2022,165,223,191,1805,4055,958,260,0.0,0.0,750,15,132,86.0,0.0,Donetsk,2978.0,182.0,1346.0,15,10274.0
08/08/2022,166,223,192,1811,4070,960,261,0.0,0.0,754,15,132,86.0,0.0,Donetsk,2993.0,182.0,1351.0,15,10313.0
09/08/2022,167,223,193,1817,4076,964,261,0.0,0.0,757,15,133,87.0,0.0,Bakhmut and Donetsk,2998.0,185.0,1358.0,15,10336.0
10/08/2022,168,232,193,1832,4086,971,261,0.0,0.0,766,15,133,89.0,0.0,Donetsk,3005.0,185.0,1376.0,15,10377.0
11/08/2022,169,232,193,1846,4100,974,261,0.0,0.0,772,15,134,90.0,0.0,Donetsk,3018.0,185.0,1382.0,15,10423.0
12/08/2022,170,233,193,1849,4108,975,261,0.0,0.0,778,15,136,90.0,0.0,Donetsk,3021.0,185.0,1389.0,15,10440.0
13/08/2022,171,233,193,1856,4115,978,261,0.0,0.0,779,15,136,91.0,0.0,Bakhmut and Kryvyi Rih,3036.0,187.0,1392.0,15,10473.0
14/08/2022,172,233,194,1864,4126,980,261,0.0,0.0,784,15,136,91.0,0.0,Donetsk,3039.0,187.0,1398.0,15,10497.0
15/08/2022,173,233,195,1876,4141,985,261,0.0,0.0,787,15,136,92.0,0.0,Donetsk,3044.0,187.0,1402.0,15,10535.0
16/08/2022,174,233,196,1880,4152,989,263,0.0,0.0,790,15,136,92.0,0.0,Donetsk,3049.0,190.0,1409.0,15,10561.0
17/08/2022,175,233,196,1886,4162,993,263,0.0,0.0,792,15,136,93.0,0.0,Kharkiv and Donetsk,3054.0,190.0,1411.0,15,10587.0
18/08/2022,176,234,197,1889,4179,1010,265,0.0,0.0,793,15,136,93.0,0.0,Donetsk,3061.0,190.0,1414.0,15,10633.0
19/08/2022,177,234,197,1899,4195,1016,266,0.0,0.0,795,15,141,94.0,0.0,Donetsk,3130.0,190.0,1416.0,15,10741.0
20/08/2022,178,234,197,1907,4212,1018,266,0.0,0.0,803,15,141,97.0,0.0,Donetsk,3137.0,190.0,1424.0,15,10778.0
21/08/2022,179,234,197,1912,4224,1028,266,0.0,0.0,806,15,141,99.0,0.0,Donetsk and Mykolaiv,3143.0,190.0,1427.0,15,10813.0
22/08/2022,180,234,198,1919,4230,1032,266,0.0,0.0,815,15,145,99.0,0.0,Donetsk,3149.0,194.0,1441.0,15,10840.0
23/08/2022,181,234,198,1921,4238,1033,266,0.0,0.0,817,15,146,99.0,0.0,Donetsk,3150.0,196.0,1445.0,15,10853.0
24/08/2022,182,234,199,1924,4243,1036,266,0.0,0.0,819,15,147,99.0,0.0,Donetsk,3160.0,196.0,1448.0,15,10875.0
25/08/2022,183,234,202,1929,4245,1037,272,0.0,0.0,828,15,148,99.0,0.0,Donetsk,3160.0,196.0,1460.0,15,10890.0
26/08/2022,184,234,202,1936,4251,1040,272,0.0,0.0,834,15,148,99.0,0.0,Donetsk,3162.0,196.0,1466.0,15,10908.0
27/08/2022,185,234,202,1939,4254,1045,274,0.0,0.0,836,15,148,99.0,0.0,Donetsk,3165.0,196.0,1468.0,15,10924.0
28/08/2022,186,234,202,1942,4257,1050,274,0.0,0.0,838,15,148,99.0,0.0,Donetsk,3171.0,196.0,1470.0,15,10941.0
29/08/2022,187,234,203,1947,4269,1060,279,0.0,0.0,844,15,149,101.0,0.0,Donetsk,3188.0,196.0,1477.0,15,10993.0
30/08/2022,188,234,204,1954,4294,1079,282,0.0,0.0,847,15,151,103.0,0.0,Donetsk and Kurakhove,3217.0,196.0,1481.0,15,11080.0
31/08/2022,189,234,204,1974,4312,1091,285,0.0,0.0,849,15,152,103.0,0.0,Donetsk and Kurakhove,3236.0,196.0,1483.0,15,11153.0
01/09/2022,190,234,205,1997,4345,1115,287,0.0,0.0,851,15,153,104.0,0.0,Donetsk and Kurakhove,3239.0,196.0,1486.0,15,11240.0
02/09/2022,191,234,205,2009,4366,1126,289,0.0,0.0,853,15,153,105.0,0.0,Donetsk and Kurakhove,3247.0,198.0,1490.0,15,11295.0
03/09/2022,192,235,205,2034,4403,1134,293,0.0,0.0,864,15,153,105.0,0.0,Donetsk and Kryvyi Rih,3268.0,203.0,1507.0,15,11390.0
04/09/2022,193,236,206,2049,4430,1147,294,0.0,0.0,864,15,156,106.0,0.0,Donetsk and Kryvyi Rih,3276.0,203.0,1509.0,15,11458.0
05/09/2022,194,236,206,2068,4459,1157,294,0.0,0.0,867,15,156,107.0,0.0,Donetsk,3286.0,205.0,1514.0,15,11527.0
06/09/2022,195,236,207,2077,4484,1179,296,0.0,0.0,876,15,156,109.0,0.0,Donetsk,3305.0,209.0,1528.0,15,11606.0
07/09/2022,196,237,208,2097,4520,1194,300,0.0,0.0,880,15,156,109.0,0.0,Donetsk,3320.0,214.0,1539.0,15,11696.0
08/09/2022,197,239,210,2112,4557,1226,305,0.0,0.0,884,15,159,110.0,0.0,Donetsk,3344.0,214.0,1547.0,15,11813.0
09/09/2022,198,239,211,2122,4575,1237,306,0.0,0.0,888,15,159,114.0,0.0,Kharkiv and Donetsk,3399.0,214.0,1552.0,15,11912.0
10/09/2022,199,239,212,2136,4584,1259,311,0.0,0.0,898,15,162,116.0,0.0,Kharkiv and Donetsk,3426.0,215.0,1564.0,15,11994.0
11/09/2022,200,242,213,2154,4617,1263,311,0.0,0.0,902,15,162,117.0,0.0,Kharkiv and Donetsk,3445.0,216.0,1573.0,15,12069.0
12/09/2022,201,243,213,2169,4640,1263,311,0.0,0.0,903,15,162,117.0,0.0,Kryvyi Rih and Donetsk,3463.0,216.0,1575.0,15,12125.0
13/09/2022,202,244,213,2175,4662,1279,311,0.0,0.0,904,15,165,117.0,0.0,Kharkiv and Donetsk,3469.0,233.0,1594.0,15,12178.0
14/09/2022,203,246,215,2180,4665,1290,311,0.0,0.0,908,15,167,120.0,0.0,Kharkiv and Donetsk,3501.0,233.0,1602.0,15,12234.0
15/09/2022,204,250,215,2193,4682,1295,311,0.0,0.0,908,15,167,120.0,0.0,Kryvyi Rih and Mykolaiv,3522.0,233.0,1606.0,15,12290.0
16/09/2022,205,250,216,2199,4690,1302,312,0.0,0.0,908,15,168,121.0,0.0,Bakhmut and Donetsk,3550.0,233.0,1607.0,15,12342.0
17/09/2022,206,251,216,2202,4701,1306,312,0.0,0.0,911,15,168,121.0,0.0,,3571.0,236.0,1614.0,15,12381.0
18/09/2022,207,251,217,2210,4718,1309,312,0.0,0.0,918,15,168,122.0,0.0,,3578.0,238.0,1624.0,15,12417.0
19/09/2022,208,251,217,2212,4720,1313,312,0.0,0.0,920,15,168,125.0,0.0,,3581.0,238.0,1626.0,15,12431.0
20/09/2022,209,252,217,2216,4724,1323,318,0.0,0.0,925,15,168,125.0,0.0,Bakhmut and Donetsk,3587.0,239.0,1633.0,15,12461.0
21/09/2022,210,253,217,2227,4748,1340,318,0.0,0.0,932,15,168,125.0,0.0,Donetsk,3610.0,239.0,1641.0,15,12536.0
22/09/2022,211,253,218,2236,4776,1341,318,0.0,0.0,941,15,169,125.0,0.0,Kramatorsk and Donetsk,3630.0,240.0,1652.0,15,12595.0
23/09/2022,212,254,219,2254,4796,1355,326,0.0,0.0,950,15,170,126.0,0.0,Kramatorsk and Donetsk,3659.0,240.0,1663.0,15,12686.0
24/09/2022,213,255,220,2262,4807,1361,327,0.0,0.0,956,15,170,126.0,0.0,Kramatorsk and Donetsk,3681.0,240.0,1671.0,15,12734.0
25/09/2022,214,259,220,2275,4832,1368,328,0.0,0.0,966,15,171,130.0,0.0,Kramatorsk and Donetsk,3701.0,241.0,1686.0,15,12805.0
26/09/2022,215,260,224,2290,4857,1369,330,0.0,0.0,970,15,172,131.0,0.0,Kramatorsk and Donetsk,3711.0,241.0,1695.0,15,12860.0
27/09/2022,216,261,224,2306,4881,1378,331,0.0,0.0,977,15,175,131.0,0.0,Kramatorsk and Donetsk,3730.0,241.0,1703.0,15,12932.0
28/09/2022,217,262,224,2312,4889,1381,331,0.0,0.0,989,15,175,131.0,0.0,Kramatorsk and Donetsk,3742.0,242.0,1717.0,15,12961.0
29/09/2022,218,262,224,2325,4909,1385,331,0.0,0.0,995,15,175,131.0,0.0,Kramatorsk and Donetsk,3751.0,246.0,1727.0,15,13007.0
30/09/2022,219,264,225,2338,4932,1391,333,0.0,0.0,1003,15,176,131.0,0.0,Kramatorsk and Donetsk,3768.0,246.0,1738.0,15,13069.0
01/10/2022,220,264,226,2354,4949,1397,336,0.0,0.0,1009,15,176,131.0,0.0,Kramatorsk and Bakhmut,3786.0,246.0,1745.0,15,13129.0
02/10/2022,221,264,227,2377,4975,1405,337,0.0,0.0,1015,15,176,131.0,0.0,Kramatorsk and Bakhmut,3796.0,246.0,1752.0,15,13197.0
03/10/2022,222,265,228,2380,4991,1405,338,0.0,0.0,1026,15,176,131.0,0.0,Kramatorsk and Bakhmut,3811.0,246.0,1765.0,15,13232.0
04/10/2022,223,266,228,2424,5018,1407,340,0.0,0.0,1028,15,177,131.0,0.0,Kramatorsk and Kryvyi Rih,3823.0,246.0,1768.0,15,13320.0
05/10/2022,224,266,232,2435,5038,1414,341,0.0,0.0,1032,15,177,132.0,0.0,Kramatorsk and Kryvyi Rih,3841.0,246.0,1776.0,15,13378.0
06/10/2022,225,266,232,2449,5064,1424,344,0.0,0.0,1047,15,177,134.0,0.0,"Kramatorsk, Avdiivka and Kryvyi Rih",3854.0,246.0,1791.0,15,13446.0
07/10/2022,226,266,233,2466,5093,1455,344,0.0,0.0,1067,15,177,135.0,0.0,Kramatorsk and Kryvyi Rih,3862.0,246.0,1812.0,15,13532.0
08/10/2022,227,266,234,2472,5111,1459,345,0.0,0.0,1079,15,180,136.0,0.0,"Donetsk, Bakhmut and Kramatorsk",3875.0,246.0,1825.0,15,13578.0
09/10/2022,228,266,235,2486,5133,1477,348,0.0,0.0,1086,15,180,136.0,0.0,,3890.0,247.0,1834.0,15,13650.0
10/10/2022,229,267,235,2495,5149,1486,353,0.0,0.0,1097,15,181,136.0,0.0,Kryvyi Rih and Kramatorsk,3908.0,249.0,1848.0,15,13708.0
11/10/2022,230,268,235,2504,5162,1496,353,0.0,0.0,1114,15,181,136.0,0.0,"Bakhmut, Avdiivka and Kramatorsk",3916.0,295.0,1912.0,15,13748.0
12/10/2022,231,268,235,2505,5181,1507,355,0.0,0.0,1129,15,182,136.0,0.0,Bakhmut and Avdiivka,3927.0,315.0,1947.0,15,13793.0
13/10/2022,232,268,240,2511,5167,1556,357,0.0,0.0,1182,16,183,140.0,0.0,Kramatorsk and Kryvyi Rih,3935.0,316.0,2006.0,16,13849.0
14/10/2022,233,268,240,2521,5172,1566,362,0.0,0.0,1199,16,186,142.0,0.0,Kramatorsk and Bakhmut,3944.0,316.0,2023.0,16,13893.0
15/10/2022,234,268,242,2524,5179,1582,365,0.0,0.0,1210,16,186,142.0,0.0,,3951.0,316.0,2036.0,16,13929.0
16/10/2022,235,268,242,2529,5193,1589,365,0.0,0.0,1224,16,186,143.0,0.0,Kryvyi Rih and Bakhmut,3959.0,316.0,2050.0,16,13964.0
17/10/2022,236,268,242,2537,5205,1599,366,0.0,0.0,1241,16,187,144.0,0.0,Bakhmut and Avdiivka,3969.0,316.0,2067.0,16,14007.0
18/10/2022,237,268,242,2548,5219,1622,372,0.0,0.0,1276,16,188,144.0,0.0,,3985.0,318.0,2104.0,16,14078.0
19/10/2022,238,269,242,2554,5235,1637,372,0.0,0.0,1286,16,189,146.0,0.0,Bakhmut and Kramatorsk,3999.0,323.0,2120.0,16,14132.0
20/10/2022,239,269,243,2567,5255,1646,372,0.0,0.0,1311,16,189,147.0,0.0,,4005.0,329.0,2152.0,16,14181.0
21/10/2022,240,269,243,2573,5258,1648,372,0.0,0.0,1325,16,189,147.0,0.0,,4006.0,329.0,2166.0,16,14193.0
22/10/2022,241,270,243,2579,5266,1653,373,0.0,0.0,1341,16,189,148.0,0.0,,4021.0,329.0,2183.0,16,14229.0
23/10/2022,242,270,245,2584,5284,1667,374,0.0,0.0,1361,16,189,148.0,0.0,,4039.0,350.0,2226.0,16,14285.0
24/10/2022,243,270,245,2590,5295,1673,375,0.0,0.0,1370,16,189,149.0,0.0,,4044.0,350.0,2235.0,16,14315.0
25/10/2022,244,271,248,2611,5321,1674,377,0.0,0.0,1372,16,190,149.0,0.0,,4054.0,350.0,2241.0,16,14376.0
26/10/2022,245,271,248,2628,5351,1686,379,0.0,0.0,1379,16,192,149.0,0.0,,4076.0,350.0,2248.0,16,14461.0
27/10/2022,246,271,249,2631,5364,1690,379,0.0,0.0,1398,16,192,150.0,0.0,,4078.0,351.0,2269.0,16,14484.0
28/10/2022,247,272,251,2640,5378,1698,379,0.0,0.0,1401,16,192,151.0,0.0,,4088.0,351.0,2275.0,16,14526.0
29/10/2022,248,273,252,2659,5401,1708,380,0.0,0.0,1406,16,195,152.0,0.0,,4107.0,351.0,2282.0,16,14602.0
30/10/2022,249,274,252,2672,5453,1724,383,0.0,0.0,1412,16,197,154.0,0.0,Donetsk and Lyman,4120.0,352.0,2290.0,16,14703.0
31/10/2022,250,275,253,2686,5485,1728,383,0.0,0.0,1413,16,197,154.0,0.0,Avdiivka and Lyman,4128.0,352.0,2293.0,16,14761.0
01/11/2022,251,276,257,2698,5501,1730,383,0.0,0.0,1415,16,197,154.0,0.0,Avdiivka and Bakhmut,4143.0,397.0,2345.0,16,14806.0
02/11/2022,252,277,258,2714,5525,1733,387,0.0,0.0,1438,16,198,154.0,0.0,Avdiivka and Lyman,4153.0,397.0,2370.0,16,14864.0
03/11/2022,253,277,258,2734,5552,1755,390,0.0,0.0,1442,16,198,155.0,0.0,,4162.0,397.0,2374.0,16,14946.0
04/11/2022,254,277,258,2750,5580,1772,391,0.0,0.0,1450,16,201,155.0,0.0,Lyman and Avdiivka,4174.0,397.0,2382.0,16,15023.0
05/11/2022,255,277,260,2758,5601,1776,391,0.0,0.0,1462,16,202,155.0,0.0,Lyman and Avdiivka,4184.0,399.0,2398.0,16,15067.0
06/11/2022,256,277,260,2765,5611,1781,391,0.0,0.0,1465,16,202,155.0,0.0,Lyman and Avdiivka,4191.0,399.0,2401.0,16,15096.0
07/11/2022,257,277,260,2771,5630,1782,391,0.0,0.0,1472,16,202,157.0,0.0,"Lyman, Bakhmut and Avdiivka",4199.0,399.0,2408.0,16,15132.0
08/11/2022,258,278,260,2786,5654,1791,391,0.0,0.0,1476,16,203,159.0,0.0,Bakhmut and Avdiivka,4216.0,399.0,2413.0,16,15200.0
09/11/2022,259,278,260,2801,5666,1802,393,0.0,0.0,1483,16,205,159.0,0.0,Bakhmut and Avdiivka,4227.0,399.0,2420.0,16,15253.0
10/11/2022,260,278,260,2804,5682,1805,393,0.0,0.0,1499,16,205,159.0,0.0,Lyman and Avdiivka,4242.0,399.0,2436.0,16,15290.0
11/11/2022,261,278,261,2814,5696,1817,393,0.0,0.0,1505,16,205,159.0,0.0,Bakhmut,4259.0,399.0,2443.0,16,15343.0
12/11/2022,262,278,261,2838,5730,1829,393,0.0,0.0,1506,16,205,160.0,0.0,,4279.0,399.0,2444.0,16,15434.0
13/11/2022,263,278,261,2840,5742,1837,393,0.0,0.0,1507,16,206,160.0,0.0,,4295.0,399.0,2445.0,16,15473.0
14/11/2022,264,278,261,2848,5748,1839,393,0.0,0.0,1509,16,206,160.0,0.0,,4316.0,399.0,2447.0,16,15510.0
15/11/2022,265,278,261,2861,5773,1850,393,0.0,0.0,1511,16,208,160.0,0.0,,4351.0,399.0,2449.0,16,15596.0
16/11/2022,266,278,261,2871,5797,1860,393,0.0,0.0,1525,16,209,160.0,0.0,"Lyman, Avdiivka and Bakhmut",4360.0,474.0,2538.0,16,15650.0
17/11/2022,267,278,261,2878,5804,1860,393,0.0,0.0,1531,16,209,160.0,0.0,,4362.0,474.0,2544.0,16,15666.0
18/11/2022,268,278,261,2879,5808,1865,393,0.0,0.0,1536,16,209,161.0,0.0,Lyman and Avdiivka,4366.0,480.0,2555.0,16,15681.0
19/11/2022,269,278,261,2885,5815,1867,393,0.0,0.0,1536,16,209,161.0,0.0,,4368.0,480.0,2555.0,16,15698.0
20/11/2022,270,278,261,2886,5817,1868,393,0.0,0.0,1537,16,209,161.0,0.0,,4371.0,480.0,2556.0,16,15705.0
21/11/2022,271,278,261,2892,5822,1870,393,0.0,0.0,1537,16,209,161.0,0.0,,4378.0,480.0,2556.0,16,15725.0
22/11/2022,272,278,261,2895,5827,1882,395,0.0,0.0,1537,16,209,161.0,0.0,Bakhmut and Lyman,4393.0,480.0,2556.0,16,15762.0
23/11/2022,273,278,261,2897,5832,1887,395,0.0,0.0,1537,16,209,161.0,0.0,"Avdiivka, Bakhmut and Lyman",4396.0,480.0,2556.0,16,15777.0
24/11/2022,274,278,261,2898,5837,1889,395,0.0,0.0,1547,16,209,161.0,0.0,"Avdiivka, Bakhmut and Lyman",4400.0,531.0,2617.0,16,15789.0
25/11/2022,275,278,261,2899,5844,1895,395,0.0,0.0,1553,16,209,163.0,0.0,Bakhmut and Lyman,4404.0,531.0,2623.0,16,15809.0
26/11/2022,276,278,261,2901,5848,1896,395,0.0,0.0,1554,16,209,163.0,0.0,,4406.0,531.0,2624.0,16,15818.0
27/11/2022,277,278,261,2905,5856,1897,395,0.0,0.0,1555,16,209,163.0,0.0,"Bakhmut, Lyman and Avdiivka",4412.0,531.0,2625.0,16,15837.0
28/11/2022,278,278,261,2908,5861,1899,395,0.0,0.0,1555,16,209,163.0,0.0,,4416.0,531.0,2625.0,16,15851.0
29/11/2022,279,280,261,2911,5866,1901,395,0.0,0.0,1555,16,209,163.0,0.0,,4423.0,531.0,2627.0,16,15868.0
30/11/2022,280,280,261,2914,5872,1902,395,0.0,0.0,1562,16,210,163.0,0.0,,4429.0,531.0,2634.0,16,15885.0
01/12/2022,281,280,261,2915,5877,1904,395,0.0,0.0,1562,16,210,163.0,0.0,,4441.0,531.0,2634.0,16,15905.0
02/12/2022,282,280,262,2916,5883,1905,395,0.0,0.0,1564,16,210,163.0,0.0,Bakhmut and Avdiivka,4464.0,531.0,2637.0,16,15936.0
03/12/2022,283,280,263,2917,5886,1906,395,0.0,0.0,1572,16,210,163.0,0.0,,4472.0,531.0,2646.0,16,15949.0
04/12/2022,284,281,263,2922,5892,1908,395,0.0,0.0,1573,16,210,163.0,0.0,Bakhmut and Lyman,4479.0,531.0,2648.0,16,15969.0
05/12/2022,285,281,264,2924,5900,1914,395,0.0,0.0,1582,16,211,163.0,0.0,Bakhmut and Lyman,4497.0,531.0,2658.0,16,16004.0
06/12/2022,286,281,264,2929,5905,1915,395,0.0,0.0,1587,16,211,163.0,0.0,,4505.0,592.0,2724.0,16,16023.0
07/12/2022,287,281,264,2935,5909,1923,395,0.0,0.0,1601,16,211,163.0,0.0,,4526.0,592.0,2738.0,16,16062.0
08/12/2022,288,281,264,2937,5911,1925,395,0.0,0.0,1603,16,211,164.0,0.0,,4528.0,592.0,2740.0,16,16071.0
09/12/2022,289,281,264,2937,5912,1926,395,0.0,0.0,1603,16,211,164.0,0.0,,4531.0,592.0,2740.0,16,16076.0
10/12/2022,290,281,264,2940,5917,1927,397,0.0,0.0,1603,16,211,167.0,0.0,Bakhmut and Lyman,4535.0,592.0,2740.0,16,16094.0
11/12/2022,291,281,264,2942,5920,1928,397,0.0,0.0,1613,16,211,167.0,0.0,,4540.0,592.0,2750.0,16,16105.0
12/12/2022,292,281,264,2966,5928,1929,397,0.0,0.0,1617,16,211,169.0,0.0,,4544.0,592.0,2754.0,16,16144.0
13/12/2022,293,281,264,2966,5930,1931,404,0.0,0.0,1617,16,211,170.0,0.0,,4549.0,592.0,2754.0,16,16161.0
14/12/2022,294,281,264,2970,5937,1931,404,0.0,0.0,1617,16,211,171.0,0.0,,4562.0,592.0,2754.0,16,16186.0
15/12/2022,295,281,264,2975,5946,1943,406,0.0,0.0,1644,16,211,172.0,0.0,,4563.0,592.0,2781.0,16,16216.0
16/12/2022,296,281,264,2980,5952,1946,410,0.0,0.0,1648,16,211,172.0,0.0,,4563.0,592.0,2785.0,16,16234.0
17/12/2022,297,281,264,2985,5958,1947,410,0.0,0.0,1648,16,211,174.0,0.0,,4577.0,653.0,2846.0,16,16262.0
18/12/2022,298,281,264,2987,5963,1948,410,0.0,0.0,1649,16,211,174.0,0.0,Lyman and Bakhmut,4579.0,653.0,2847.0,16,16272.0
19/12/2022,299,281,264,2988,5969,1953,410,0.0,0.0,1657,16,212,175.0,0.0,,4592.0,653.0,2855.0,16,16299.0
20/12/2022,300,281,266,2995,5974,1960,410,0.0,0.0,1680,16,212,177.0,0.0,,4599.0,653.0,2880.0,16,16327.0
21/12/2022,301,282,267,3002,5979,1972,412,0.0,0.0,1688,16,212,178.0,0.0,,4608.0,653.0,2890.0,16,16363.0
22/12/2022,302,283,267,3002,5981,1978,413,0.0,0.0,1693,16,212,178.0,0.0,,4615.0,653.0,2896.0,16,16379.0
23/12/2022,303,283,267,3005,5986,1984,414,0.0,0.0,1698,16,212,178.0,0.0,,4622.0,653.0,2901.0,16,16401.0
24/12/2022,304,283,267,3006,5994,1988,418,0.0,0.0,1706,16,212,178.0,0.0,"Kupiansk, Avdiivka and Bakhmut",4627.0,653.0,2909.0,16,16423.0
25/12/2022,305,283,267,3011,6010,1991,418,0.0,0.0,1706,16,212,178.0,0.0,,4635.0,653.0,2909.0,16,16455.0
26/12/2022,306,283,267,3016,6017,1996,418,0.0,0.0,1707,16,212,178.0,0.0,"Kupiansk, Avdiivka and Bakhmut",4647.0,653.0,2910.0,16,16484.0
27/12/2022,307,283,267,3016,6024,1998,418,0.0,0.0,1707,16,212,179.0,0.0,Bakhmut and Lyman,4652.0,653.0,2910.0,16,16499.0
28/12/2022,308,283,267,3017,6037,1999,418,0.0,0.0,1707,16,212,179.0,0.0,,4660.0,653.0,2910.0,16,16522.0
29/12/2022,309,283,268,3018,6047,2004,423,0.0,0.0,1717,16,212,179.0,0.0,Lyman and Bakhmut,4675.0,653.0,2921.0,16,16558.0
30/12/2022,310,283,268,3026,6059,2010,423,0.0,0.0,1740,16,212,180.0,0.0,Lyman and Bakhmut,4683.0,711.0,3002.0,16,16593.0
31/12/2022,311,283,269,3029,6075,2016,423,0.0,0.0,1746,16,213,180.0,0.0,,4707.0,711.0,3009.0,16,16643.0
01/01/2023,312,283,269,3031,6084,2021,423,0.0,0.0,1792,16,213,181.0,0.0,Lyman and Bakhmut,4720.0,723.0,3067.0,16,16673.0
02/01/2023,313,283,269,3031,6093,2027,423,0.0,0.0,1836,16,213,181.0,0.0,"Lyman, Bakhmut and Avdiivka",4725.0,723.0,3111.0,16,16693.0
03/01/2023,314,283,270,3036,6100,2033,424,0.0,0.0,1839,16,214,181.0,0.0,,4735.0,723.0,3115.0,16,16723.0
04/01/2023,315,283,270,3038,6106,2039,424,0.0,0.0,1842,16,215,181.0,0.0,,4745.0,723.0,3118.0,16,16748.0
05/01/2023,316,284,271,3041,6108,2051,426,0.0,0.0,1844,16,215,182.0,0.0,,4759.0,723.0,3122.0,16,16782.0
06/01/2023,317,285,272,3064,6124,2059,431,0.0,0.0,1844,16,215,182.0,0.0,,4797.0,723.0,3124.0,16,16872.0
07/01/2023,318,285,272,3066,6125,2062,431,0.0,0.0,1844,16,217,182.0,0.0,,4798.0,723.0,3124.0,16,16881.0
08/01/2023,319,285,272,3069,6130,2065,431,0.0,0.0,1849,16,217,183.0,0.0,,4801.0,723.0,3129.0,16,16896.0
09/01/2023,320,285,275,3080,6147,2069,434,0.0,0.0,1856,16,217,183.0,0.0,,4809.0,723.0,3139.0,16,16939.0
10/01/2023,321,285,275,3084,6154,2073,434,0.0,0.0,1860,17,217,183.0,0.0,,4817.0,723.0,3143.0,17,16962.0
11/01/2023,322,285,275,3094,6159,2078,437,0.0,0.0,1862,17,217,184.0,0.0,,4826.0,723.0,3145.0,17,16995.0
12/01/2023,323,285,276,3094,6159,2082,437,0.0,0.0,1865,17,218,184.0,0.0,,4826.0,723.0,3149.0,17,17000.0
13/01/2023,324,286,276,3098,6167,2086,437,0.0,0.0,1865,17,218,184.0,0.0,,4833.0,723.0,3150.0,17,17023.0
14/01/2023,325,286,276,3104,6173,2090,437,0.0,0.0,1867,17,219,186.0,0.0,,4846.0,723.0,3152.0,17,17055.0
15/01/2023,326,286,276,3106,6183,2094,437,0.0,0.0,1872,17,219,187.0,0.0,,4846.0,749.0,3183.0,17,17072.0
16/01/2023,327,286,276,3118,6204,2099,438,0.0,0.0,1872,17,220,190.0,0.0,,4870.0,749.0,3183.0,17,17139.0
17/01/2023,328,286,276,3121,6215,2104,441,0.0,0.0,1872,17,220,190.0,0.0,,4877.0,749.0,3183.0,17,17168.0
18/01/2023,329,287,276,3130,6215,2108,442,0.0,0.0,1876,17,220,190.0,0.0,,4889.0,749.0,3188.0,17,17194.0
19/01/2023,330,287,277,3136,6235,2122,442,0.0,0.0,1882,17,220,190.0,0.0,,4896.0,749.0,3195.0,17,17241.0
20/01/2023,331,287,277,3139,6241,2129,442,0.0,0.0,1886,17,220,190.0,0.0,,4903.0,749.0,3199.0,17,17264.0
21/01/2023,332,287,277,3140,6256,2135,443,0.0,0.0,1891,17,220,193.0,0.0,,4918.0,749.0,3204.0,17,17305.0
22/01/2023,333,287,277,3145,6268,2144,445,0.0,0.0,1892,17,220,193.0,0.0,,4932.0,749.0,3205.0,17,17347.0
23/01/2023,334,287,277,3150,6276,2146,447,0.0,0.0,1894,18,220,193.0,0.0,,4936.0,749.0,3207.0,18,17368.0
24/01/2023,335,289,281,3152,6284,2148,448,0.0,0.0,1897,18,220,194.0,0.0,,4944.0,749.0,3216.0,18,17390.0
25/01/2023,336,290,281,3161,6307,2154,450,0.0,0.0,1902,18,220,194.0,0.0,,4967.0,749.0,3222.0,18,17453.0
26/01/2023,337,292,282,3175,6334,2169,452,0.0,0.0,1908,18,220,195.0,0.0,,4986.0,749.0,3231.0,18,17531.0
27/01/2023,338,292,283,3182,6340,2180,452,0.0,0.0,1941,18,221,199.0,0.0,,5001.0,796.0,3312.0,18,17575.0
28/01/2023,339,293,284,3189,6344,2188,453,0.0,0.0,1947,18,221,199.0,0.0,,5027.0,796.0,3320.0,18,17621.0
29/01/2023,340,293,284,3197,6366,2195,453,0.0,0.0,1947,18,221,199.0,0.0,,5037.0,796.0,3320.0,18,17668.0
30/01/2023,341,293,284,3201,6369,2196,453,0.0,0.0,1947,18,221,199.0,0.0,,5041.0,796.0,3320.0,18,17680.0
31/01/2023,342,293,284,3201,6378,2197,454,0.0,0.0,1951,18,221,200.0,0.0,,5048.0,796.0,3324.0,18,17699.0
01/02/2023,343,293,284,3209,6382,2207,458,0.0,0.0,1951,18,221,200.0,0.0,,5061.0,796.0,3324.0,18,17738.0
02/02/2023,344,293,284,3211,6382,2212,458,0.0,0.0,1951,18,222,200.0,0.0,,5064.0,796.0,3324.0,18,17749.0
03/02/2023,345,294,284,3215,6388,2215,460,0.0,0.0,1952,18,222,202.0,0.0,,5068.0,796.0,3326.0,18,17770.0
04/02/2023,346,294,284,3218,6394,2220,460,0.0,0.0,1956,18,225,203.0,0.0,,5081.0,796.0,3330.0,18,17801.0
05/02/2023,347,294,284,3220,6405,2226,460,0.0,0.0,1958,18,227,203.0,0.0,,5091.0,796.0,3332.0,18,17832.0
06/02/2023,348,294,284,3231,6415,2231,461,0.0,0.0,1958,18,227,203.0,0.0,,5104.0,796.0,3332.0,18,17872.0
07/02/2023,349,294,284,3245,6443,2232,461,0.0,0.0,1958,18,227,208.0,0.0,,5107.0,796.0,3332.0,18,17923.0
08/02/2023,350,295,285,3253,6458,2236,461,0.0,0.0,1961,18,228,211.0,0.0,,5112.0,796.0,3337.0,18,17959.0
09/02/2023,351,295,285,3255,6468,2244,463,0.0,0.0,1967,18,232,211.0,0.0,,5121.0,796.0,3343.0,18,17994.0
10/02/2023,352,295,286,3258,6471,2251,463,0.0,0.0,1970,18,233,211.0,0.0,,5126.0,796.0,3347.0,18,18013.0
11/02/2023,353,295,286,3267,6474,2270,463,0.0,0.0,1997,18,234,214.0,0.0,,5134.0,857.0,3435.0,18,18056.0
12/02/2023,354,296,286,3280,6488,2287,465,0.0,0.0,2007,18,234,215.0,0.0,,5148.0,857.0,3446.0,18,18117.0
13/02/2023,355,296,286,3283,6492,2290,465,0.0,0.0,2007,18,234,217.0,0.0,,5150.0,857.0,3446.0,18,18131.0
14/02/2023,356,298,286,3286,6500,2299,466,0.0,0.0,2011,18,234,218.0,0.0,,5155.0,857.0,3452.0,18,18158.0
15/02/2023,357,298,286,3290,6507,2303,466,0.0,0.0,2011,18,236,219.0,0.0,,5161.0,857.0,3452.0,18,18182.0
16/02/2023,358,298,287,3296,6517,2306,466,0.0,0.0,2012,18,239,219.0,0.0,,5167.0,857.0,3454.0,18,18210.0
17/02/2023,359,298,287,3298,6520,2322,467,0.0,0.0,2013,18,241,221.0,0.0,,5187.0,871.0,3469.0,18,18256.0
18/02/2023,360,298,287,3303,6533,2326,469,0.0,0.0,2016,18,243,223.0,0.0,,5196.0,871.0,3472.0,18,18293.0
19/02/2023,361,298,287,3310,6545,2327,469,0.0,0.0,2016,18,243,224.0,0.0,,5196.0,873.0,3474.0,18,18314.0
20/02/2023,362,299,287,3316,6553,2334,471,0.0,0.0,2018,18,243,225.0,0.0,,5209.0,873.0,3477.0,18,18351.0
21/02/2023,363,299,287,3326,6562,2338,471,0.0,0.0,2023,18,243,226.0,0.0,,5210.0,873.0,3482.0,18,18376.0
22/02/2023,364,299,287,3334,6569,2345,471,0.0,0.0,2026,18,243,226.0,0.0,,5212.0,873.0,3485.0,18,18400.0
23/02/2023,365,299,287,3350,6593,2352,471,0.0,0.0,2029,18,244,228.0,0.0,,5215.0,873.0,3488.0,18,18453.0
24/02/2023,366,299,287,3363,6600,2363,474,0.0,0.0,2033,18,247,229.0,0.0,,5224.0,873.0,3492.0,18,18500.0
25/02/2023,367,299,288,3375,6609,2373,475,0.0,0.0,2035,18,247,230.0,0.0,,5235.0,873.0,3495.0,18,18544.0
26/02/2023,368,299,288,3381,6615,2380,475,0.0,0.0,2037,18,247,230.0,0.0,,5242.0,873.0,3497.0,18,18570.0
27/02/2023,369,300,288,3385,6621,2380,475,0.0,0.0,2048,18,247,230.0,0.0,,5248.0,873.0,3509.0,18,18586.0
28/02/2023,370,300,288,3388,6630,2383,478,0.0,0.0,2051,18,247,230.0,0.0,,5252.0,873.0,3512.0,18,18608.0
01/03/2023,371,300,288,3395,6638,2393,479,0.0,0.0,2055,18,247,230.0,0.0,,5257.0,873.0,3516.0,18,18639.0
02/03/2023,372,300,288,3397,6658,2398,480,0.0,0.0,2058,18,247,230.0,0.0,,5264.0,873.0,3519.0,18,18674.0
03/03/2023,373,301,289,3405,6673,2402,484,0.0,0.0,2061,18,247,230.0,0.0,,5281.0,873.0,3524.0,18,18722.0
04/03/2023,374,302,289,3409,6683,2414,487,0.0,0.0,2066,18,247,230.0,0.0,,5289.0,873.0,3530.0,18,18759.0
05/03/2023,375,302,289,3414,6692,2426,488,0.0,0.0,2071,18,248,232.0,0.0,,5299.0,873.0,3535.0,18,18799.0
06/03/2023,376,302,289,3423,6703,2433,488,0.0,0.0,2086,18,250,234.0,0.0,,5307.0,873.0,3550.0,18,18838.0
07/03/2023,377,303,289,3432,6714,2456,488,0.0,0.0,2095,18,253,236.0,0.0,,5323.0,873.0,3560.0,18,18902.0
08/03/2023,378,303,289,3436,6723,2463,488,0.0,0.0,2098,18,253,236.0,0.0,,5330.0,873.0,3563.0,18,18929.0
09/03/2023,379,303,289,3441,6736,2465,488,0.0,0.0,2098,18,254,237.0,0.0,,5331.0,873.0,3563.0,18,18952.0
10/03/2023,380,304,289,3448,6742,2475,491,0.0,0.0,2107,18,256,240.0,0.0,,5337.0,907.0,3607.0,18,18989.0
11/03/2023,381,304,289,3458,6762,2483,493,0.0,0.0,2108,18,257,242.0,0.0,,5344.0,907.0,3608.0,18,19039.0
12/03/2023,382,304,289,3466,6769,2487,493,0.0,0.0,2108,18,259,242.0,0.0,,5348.0,907.0,3608.0,18,19064.0
13/03/2023,383,304,289,3474,6774,2503,493,0.0,0.0,2109,18,259,251.0,0.0,,5354.0,907.0,3609.0,18,19108.0
14/03/2023,384,304,289,3484,6789,2519,495,0.0,0.0,2120,18,260,256.0,0.0,,5367.0,907.0,3620.0,18,19170.0
15/03/2023,385,304,289,3492,6799,2528,502,0.0,0.0,2132,18,262,257.0,0.0,,5377.0,907.0,3632.0,18,19217.0
16/03/2023,386,305,289,3504,6810,2539,503,0.0,0.0,2145,18,265,257.0,0.0,,5394.0,907.0,3646.0,18,19272.0
17/03/2023,387,305,290,3506,6823,2552,504,0.0,0.0,2145,18,265,258.0,0.0,,5401.0,907.0,3647.0,18,19309.0
18/03/2023,388,305,290,3511,6830,2560,506,0.0,0.0,2159,18,265,259.0,0.0,,5404.0,907.0,3661.0,18,19335.0
19/03/2023,389,305,290,3532,6853,2568,507,0.0,0.0,2159,18,268,262.0,0.0,,5408.0,907.0,3661.0,18,19398.0
20/03/2023,390,305,290,3537,6869,2577,507,0.0,0.0,2160,18,270,265.0,0.0,,5416.0,907.0,3662.0,18,19441.0
21/03/2023,391,305,290,3552,6879,2586,507,0.0,0.0,2167,18,270,266.0,0.0,,5428.0,907.0,3669.0,18,19488.0
22/03/2023,392,305,290,3557,6887,2589,509,0.0,0.0,2183,18,272,270.0,0.0,,5434.0,909.0,3687.0,18,19518.0
23/03/2023,393,305,290,3570,6898,2608,511,0.0,0.0,2203,18,273,273.0,0.0,,5452.0,909.0,3707.0,18,19585.0
24/03/2023,394,305,290,3574,6921,2616,511,0.0,0.0,2208,18,276,277.0,0.0,,5464.0,911.0,3714.0,18,19639.0
25/03/2023,395,305,291,3580,6932,2623,520,0.0,0.0,2214,18,276,279.0,0.0,,5483.0,911.0,3721.0,18,19693.0
26/03/2023,396,305,291,3595,6947,2631,522,0.0,0.0,2216,18,277,282.0,0.0,,5486.0,911.0,3723.0,18,19740.0
27/03/2023,397,305,291,3595,6953,2638,523,0.0,0.0,2216,18,277,285.0,0.0,,5493.0,911.0,3723.0,18,19764.0
28/03/2023,398,305,291,3602,6966,2653,525,0.0,0.0,2235,18,277,287.0,0.0,,5502.0,911.0,3742.0,18,19812.0
29/03/2023,399,306,291,3609,6966,2659,526,0.0,0.0,2239,18,277,288.0,0.0,,5507.0,911.0,3747.0,18,19832.0
30/03/2023,400,306,291,3610,6974,2671,526,0.0,0.0,2239,18,278,291.0,0.0,,5518.0,911.0,3747.0,18,19868.0
31/03/2023,401,306,291,3615,6977,2675,526,0.0,0.0,2248,18,278,294.0,0.0,,5521.0,911.0,3756.0,18,19886.0
01/04/2023,402,306,291,3616,6981,2683,527,0.0,0.0,2248,18,279,296.0,0.0,,5528.0,911.0,3756.0,18,19910.0
02/04/2023,403,306,291,3618,6986,2687,527,0.0,0.0,2249,18,279,296.0,0.0,,5537.0,911.0,3757.0,18,19930.0
03/04/2023,404,306,291,3619,6993,2694,527,0.0,0.0,2262,18,280,298.0,0.0,,5553.0,911.0,3770.0,18,19964.0
04/04/2023,405,306,291,3627,6999,2697,528,0.0,0.0,2277,18,280,298.0,0.0,,5562.0,911.0,3785.0,18,19991.0
05/04/2023,406,306,291,3629,7005,2707,532,0.0,0.0,2283,18,280,299.0,0.0,,5573.0,911.0,3791.0,18,20025.0
06/04/2023,407,306,292,3631,7013,2714,532,0.0,0.0,2287,18,281,302.0,0.0,,5574.0,911.0,3796.0,18,20047.0
07/04/2023,408,306,292,3633,7016,2722,533,0.0,0.0,2291,18,281,304.0,0.0,,5587.0,911.0,3800.0,18,20076.0
08/04/2023,409,307,292,3636,7020,2727,533,0.0,0.0,2298,18,282,304.0,0.0,,5599.0,911.0,3808.0,18,20101.0
09/04/2023,410,307,292,3636,7024,2740,533,0.0,0.0,2312,18,282,309.0,0.0,,5602.0,911.0,3822.0,18,20126.0
10/04/2023,411,307,292,3637,7028,2750,534,0.0,0.0,2323,18,282,311.0,0.0,,5607.0,911.0,3833.0,18,20149.0
11/04/2023,412,307,293,3644,7038,2765,535,0.0,0.0,2332,18,282,316.0,0.0,,5620.0,911.0,3843.0,18,20200.0
12/04/2023,413,307,293,3646,7043,2770,535,0.0,0.0,2334,18,282,319.0,0.0,,5630.0,911.0,3845.0,18,20225.0
13/04/2023,414,307,293,3646,7053,2777,535,0.0,0.0,2339,18,283,320.0,0.0,,5637.0,911.0,3850.0,18,20251.0
14/04/2023,415,307,293,3650,7069,2784,535,0.0,0.0,2339,18,283,321.0,0.0,,5640.0,911.0,3850.0,18,20282.0
15/04/2023,416,307,293,3653,7073,2785,535,0.0,0.0,2339,18,283,324.0,0.0,,5646.0,911.0,3850.0,18,20299.0
16/04/2023,417,308,293,3657,7083,2795,538,0.0,0.0,2339,18,284,326.0,0.0,,5658.0,911.0,3851.0,18,20341.0
17/04/2023,418,308,293,3660,7087,2804,538,0.0,0.0,2347,18,285,328.0,0.0,,5672.0,911.0,3859.0,18,20374.0
18/04/2023,419,308,293,3661,7098,2810,538,0.0,0.0,2353,18,285,330.0,0.0,,5676.0,911.0,3865.0,18,20398.0
19/04/2023,420,308,293,3665,7110,2819,538,0.0,0.0,2376,18,285,330.0,0.0,,5692.0,911.0,3888.0,18,20439.0
20/04/2023,421,308,293,3667,7120,2825,539,0.0,0.0,2386,18,285,332.0,0.0,,5707.0,911.0,3898.0,18,20475.0
21/04/2023,422,308,293,3668,7126,2827,539,0.0,0.0,2394,18,285,334.0,0.0,,5713.0,911.0,3906.0,18,20492.0
22/04/2023,423,308,293,3672,7130,2832,539,0.0,0.0,2398,18,289,337.0,0.0,,5718.0,911.0,3910.0,18,20517.0
23/04/2023,424,308,294,3675,7131,2837,539,0.0,0.0,2402,18,289,339.0,0.0,,5730.0,911.0,3915.0,18,20540.0
24/04/2023,425,308,294,3683,7139,2849,539,0.0,0.0,2413,18,289,339.0,0.0,,5753.0,911.0,3926.0,18,20591.0
25/04/2023,426,308,294,3688,7151,2863,539,0.0,0.0,2437,18,291,345.0,0.0,,5784.0,911.0,3950.0,18,20661.0
26/04/2023,427,308,294,3692,7162,2877,539,0.0,0.0,2440,18,292,352.0,0.0,,5792.0,911.0,3953.0,18,20706.0
27/04/2023,428,308,294,3694,7178,2887,542,0.0,0.0,2461,18,293,352.0,0.0,,5805.0,911.0,3974.0,18,20751.0
28/04/2023,429,308,294,3694,7181,2905,543,0.0,0.0,2467,18,294,353.0,0.0,,5819.0,911.0,3980.0,18,20789.0
29/04/2023,430,308,294,3697,7184,2908,543,0.0,0.0,2471,18,294,355.0,0.0,,5836.0,932.0,4005.0,18,20817.0
30/04/2023,431,308,294,3699,7189,2914,544,0.0,0.0,2475,18,295,357.0,0.0,,5842.0,932.0,4009.0,18,20840.0
01/05/2023,432,308,294,3700,7192,2921,544,0.0,0.0,2476,18,295,359.0,0.0,,5845.0,932.0,4010.0,18,20856.0
02/05/2023,433,308,294,3701,7193,2930,544,0.0,0.0,2477,18,298,360.0,0.0,,5851.0,947.0,4026.0,18,20877.0
03/05/2023,434,308,294,3702,7199,2946,544,0.0,0.0,2505,18,300,363.0,0.0,,5865.0,947.0,4054.0,18,20919.0
04/05/2023,435,308,294,3707,7216,2962,547,0.0,0.0,2523,18,304,370.0,0.0,,5886.0,947.0,4072.0,18,20992.0
05/05/2023,436,308,294,3710,7224,2978,550,0.0,0.0,2540,18,304,373.0,0.0,,5916.0,947.0,4089.0,18,21055.0
06/05/2023,437,308,294,3717,7238,2992,552,0.0,0.0,2554,18,306,375.0,0.0,,5936.0,947.0,4103.0,18,21116.0
07/05/2023,438,308,294,3723,7248,3010,554,0.0,0.0,2572,18,306,380.0,0.0,,5952.0,947.0,4121.0,18,21173.0
08/05/2023,439,308,294,3730,7253,3018,554,0.0,0.0,2614,18,306,384.0,0.0,,5958.0,947.0,4163.0,18,21203.0
